time,power
2026-02-14 00:00:00+08:00,124.830003
2026-02-14 01:00:00+08:00,70.45355623
2026-02-14 02:00:00+08:00,44.04176303
2026-02-14 03:00:00+08:00,121.2532384
2026-02-14 04:00:00+08:00,136.2758147
2026-02-14 05:00:00+08:00,0
2026-02-14 06:00:00+08:00,88.84682579
2026-02-14 07:00:00+08:00,0
2026-02-14 08:00:00+08:00,93.29927688
2026-02-14 09:00:00+08:00,0
2026-02-14 10:00:00+08:00,58.92312699
2026-02-14 11:00:00+08:00,0
2026-02-14 12:00:00+08:00,521.3666813
2026-02-14 13:00:00+08:00,495.1053409
2026-02-14 14:00:00+08:00,84.04517874
2026-02-14 15:00:00+08:00,158.7160928
2026-02-14 16:00:00+08:00,27.10075208
2026-02-14 17:00:00+08:00,0
2026-02-14 18:00:00+08:00,62.41027794
2026-02-14 19:00:00+08:00,24.36669977
2026-02-14 20:00:00+08:00,145.1204149
2026-02-14 21:00:00+08:00,44.41552029
2026-02-14 22:00:00+08:00,0
2026-02-14 23:00:00+08:00,0
2026-02-15 00:00:00+08:00,0
2026-02-15 01:00:00+08:00,0
2026-02-15 02:00:00+08:00,43.67819431
2026-02-15 03:00:00+08:00,40.58360411
2026-02-15 04:00:00+08:00,70.0960302
2026-02-15 05:00:00+08:00,40.46463644
2026-02-15 06:00:00+08:00,63.88046575
2026-02-15 07:00:00+08:00,6.020247991
2026-02-15 08:00:00+08:00,0
2026-02-15 09:00:00+08:00,0
2026-02-15 10:00:00+08:00,0
2026-02-15 11:00:00+08:00,19.95085638
2026-02-15 12:00:00+08:00,146.0840043
2026-02-15 13:00:00+08:00,707.5117137
2026-02-15 14:00:00+08:00,775.4727437
2026-02-15 15:00:00+08:00,1752.900364
2026-02-15 16:00:00+08:00,2881.638226
2026-02-15 17:00:00+08:00,4684.25225
2026-02-15 18:00:00+08:00,4825.714832
2026-02-15 19:00:00+08:00,2823.391434
2026-02-15 20:00:00+08:00,4516.330187
2026-02-15 21:00:00+08:00,4867.772905
2026-02-15 22:00:00+08:00,4860.406574
2026-02-15 23:00:00+08:00,693.744402
2026-02-16 00:00:00+08:00,0
2026-02-16 01:00:00+08:00,0
2026-02-16 02:00:00+08:00,0
2026-02-16 03:00:00+08:00,4621.963573
2026-02-16 04:00:00+08:00,1809.821031
2026-02-16 05:00:00+08:00,0
2026-02-16 06:00:00+08:00,4780.052094
2026-02-16 07:00:00+08:00,4661.491403
2026-02-16 08:00:00+08:00,4386.890361
2026-02-16 09:00:00+08:00,5137.452233
2026-02-16 10:00:00+08:00,5184.313943
2026-02-16 11:00:00+08:00,4612.002402
2026-02-16 12:00:00+08:00,5212.96662
2026-02-16 13:00:00+08:00,4905.636822
2026-02-16 14:00:00+08:00,4946.510675
2026-02-16 15:00:00+08:00,4738.238337
2026-02-16 16:00:00+08:00,5010.899259
2026-02-16 17:00:00+08:00,5278.031959
2026-02-16 18:00:00+08:00,4902.63234
2026-02-16 19:00:00+08:00,4949.86685
2026-02-16 20:00:00+08:00,4796.169812
2026-02-16 21:00:00+08:00,4936.589602
2026-02-16 22:00:00+08:00,2300.139027
2026-02-16 23:00:00+08:00,724.7360893
2026-02-17 00:00:00+08:00,186.6732314
2026-02-17 01:00:00+08:00,140.1537676
2026-02-17 02:00:00+08:00,6.670649861
2026-02-17 03:00:00+08:00,25.68059883
2026-02-17 04:00:00+08:00,94.11349732
2026-02-17 05:00:00+08:00,741.6886023
2026-02-17 06:00:00+08:00,759.0744551
2026-02-17 07:00:00+08:00,137.8990885
2026-02-17 08:00:00+08:00,142.780022
2026-02-17 09:00:00+08:00,288.5036968
2026-02-17 10:00:00+08:00,266.5239794
2026-02-17 11:00:00+08:00,370.0754661
2026-02-17 12:00:00+08:00,752.7693025
2026-02-17 13:00:00+08:00,564.5326525
2026-02-17 14:00:00+08:00,403.7487642
2026-02-17 15:00:00+08:00,832.543484
2026-02-17 16:00:00+08:00,576.6557806
2026-02-17 17:00:00+08:00,325.5035674
2026-02-17 18:00:00+08:00,141.9537371
2026-02-17 19:00:00+08:00,123.9007828
2026-02-17 20:00:00+08:00,94.960125
2026-02-17 21:00:00+08:00,24.11977756
2026-02-17 22:00:00+08:00,0
2026-02-17 23:00:00+08:00,0
2026-02-18 00:00:00+08:00,0
2026-02-18 01:00:00+08:00,3.020035096
2026-02-18 02:00:00+08:00,0
2026-02-18 03:00:00+08:00,0
2026-02-18 04:00:00+08:00,16.02781605
2026-02-18 05:00:00+08:00,2.846918085
2026-02-18 06:00:00+08:00,8.147946684
2026-02-18 07:00:00+08:00,8.33521411
2026-02-18 08:00:00+08:00,0
2026-02-18 09:00:00+08:00,0
2026-02-18 10:00:00+08:00,0
2026-02-18 11:00:00+08:00,0
2026-02-18 12:00:00+08:00,46.45491633
2026-02-18 13:00:00+08:00,228.1304826
2026-02-18 14:00:00+08:00,56.8408472
2026-02-18 15:00:00+08:00,187.1717673
2026-02-18 16:00:00+08:00,157.6042479
2026-02-18 17:00:00+08:00,142.9482996
2026-02-18 18:00:00+08:00,32.6771143
2026-02-18 19:00:00+08:00,0
2026-02-18 20:00:00+08:00,26.66804526
2026-02-18 21:00:00+08:00,108.8094214
2026-02-18 22:00:00+08:00,177.3425655
2026-02-18 23:00:00+08:00,27.03324657
2026-02-19 00:00:00+08:00,0
2026-02-19 01:00:00+08:00,0
2026-02-19 02:00:00+08:00,0
2026-02-19 03:00:00+08:00,1.305572524
2026-02-19 04:00:00+08:00,6.556439451
2026-02-19 05:00:00+08:00,37.29885031
2026-02-19 06:00:00+08:00,19.86799415
2026-02-19 07:00:00+08:00,20.30325277
2026-02-19 08:00:00+08:00,41.88289215
2026-02-19 09:00:00+08:00,6.250713924
2026-02-19 10:00:00+08:00,0
2026-02-19 11:00:00+08:00,3.075281201
2026-02-19 12:00:00+08:00,65.66233653
2026-02-19 13:00:00+08:00,91.17191655
2026-02-19 14:00:00+08:00,276.1169693
2026-02-19 15:00:00+08:00,514.5139566
2026-02-19 16:00:00+08:00,814.6127304
2026-02-19 17:00:00+08:00,203.4869954
2026-02-19 18:00:00+08:00,0
2026-02-19 19:00:00+08:00,19.85579782
2026-02-19 20:00:00+08:00,0
2026-02-19 21:00:00+08:00,144.4389885
2026-02-19 22:00:00+08:00,229.8374167
2026-02-19 23:00:00+08:00,274.6684538
2026-02-20 00:00:00+08:00,241.5123727
2026-02-20 01:00:00+08:00,300.656236
2026-02-20 02:00:00+08:00,544.543731
2026-02-20 03:00:00+08:00,508.3636445
2026-02-20 04:00:00+08:00,461.0600195
2026-02-20 05:00:00+08:00,460.8192649
2026-02-20 06:00:00+08:00,489.4467667
2026-02-20 07:00:00+08:00,566.3922081
2026-02-20 08:00:00+08:00,589.1373606
2026-02-20 09:00:00+08:00,1650.093231
2026-02-20 10:00:00+08:00,5269.490231
2026-02-20 11:00:00+08:00,5263.326063
2026-02-20 12:00:00+08:00,4974.772587
2026-02-20 13:00:00+08:00,4538.473431
2026-02-20 14:00:00+08:00,4737.369128
2026-02-20 15:00:00+08:00,4811.982157
2026-02-20 16:00:00+08:00,4940.120046
2026-02-20 17:00:00+08:00,5199.197132
2026-02-20 18:00:00+08:00,2040.110434
2026-02-20 19:00:00+08:00,956.6466659
2026-02-20 20:00:00+08:00,591.2582029
2026-02-20 21:00:00+08:00,496.2225226
2026-02-20 22:00:00+08:00,492.2008486
2026-02-20 23:00:00+08:00,551.4962443
